code,amount,Variant
TC-608-20 0M,1,
8001608200016,1,
TC-608-20 2M,1,
8001547200016,1,
8001637200018,2,
8001636200019,1,
8001638200017,2,
8001635200010,1,
8001511200011,3,
8001513200019,1,
8001561200016,1,
8001512200010,2,
DBH9205V,5,
8001632200013,2,
8001631200014,2,
8001633200012,3,
8001634200011,2,
8001657200012,1,
8001631770012,2,
8001632770011,1,
8001633770010,1,
8001661200015,1,
8001662200014,2,
8001663200013,0,
8001664200012,1,
8001665200011,2,
8001663770011,1,
8001662770012,1,
8001661770013,1,
8001654200015,1,
8001653200016,1,
8001652200017,3,
8001651200018,1,
8001652770015,2,
8001651770016,1,
TC-527-20 5M,1,
TC-527-20 3M,1,
TC-527-20,1,
TC-527-20 2M,2,
8001646200016,1,
8001562200015,2,
8001563200014,5,
TC-615-20 0M,1,
8001531200015,1,
7898591240829,2,
7898591240935,4,
7898591240973,2,
8001533200013,1,
8001650200019,2,
8001643200019,1,
8001642200010,4,
8001641200011,4,
8001641770019,1,
8001642770018,1,
8001643770017,1,
TC-615-20 1M,1,
TC-615-20 2M,1,
TC-615-20 3M,1,
8001671200012,1,
8001673200010,1,
8001672200011,1,
dbh9912v,5,
DBH9852P,1,
dbh9825p,1,
dbh9688v,1,
dbh9607v,8,
dbh9606v,2,
8159269430010,1,
dbh9268p,2,
dbh9207p,2,
dbh9204p,4,
dbh8796p,5,
dbh8006p,8,
dbh8606p,5,
dbh8573p,2,
dbh8422v,3,
dbh8412p,2,
dbh8024p,4,
dbh8006v,1,
dbh8003p,3,
dbh6885p,2,
dbh6882p,2,
dbh8422p,3,
dbh8130p,3,
dbh6864p,2,
dbh6858p,4,
dbh6690p,4,
dbh6123p,3,
dbh8797p,2,
dbh9283p,1,
dbh8399p,4,
dbh6121p,10,
dbh5312p,2,
dbh5092p,10,
dbh6487p,2,
dbh6104p,3,
dbh6687p,6,
dbh5211p,1,
DBH6883P,3,
dbh6679p,6,
dbh6871p,1,
dbh6870p,1,
DBH8510P,4,
dbh6680p,4,
DBH8510V,1,
dbh9288p,1,
dbh6123v,3,
DBH9826V,3,
DBH5488P,2,
DBH5193P,3,
DBH9192P,2,
DBH8376P,3,
DBH8032P,1,
DBH9241V,4,
DBH8038P,6,
DBH8530V,3,
DBH9270V,2,
DBH8429V,3,
DBH9191V,2,
DBH8087V,4,
DBH6884V,3,
DBH9196V,2,
DBH6863V,4,
DBH9608V,2,
DBH9656V,3,
DBH9211V,1,
DBH8097P,4,
DBH8002P,5,
DBH8009P,4,
DBH8237P,2,
DBH8098P,5,
DBH8098V,2,
DBH6684P,2,
DBH9203P,5,
DBH6677P,2,
DBH8010P,2,
DBH8271P,1,
DBH8515P,4,
7793960042069,1,
DBH9203V,1,
DBH9288V,0,
DBH8070P,1,
8159205430012,6,
561Pol,-6,
1098-P,0,
1015,1,
dbh6823v,1,
DBH9797,3,
DBH6777,1,
dbh5530,1,
7898591246883,5,
8020992000019,12,
7790537016393,0,
DBH9196P,25,
DBH9211P,34,
dbh8505p,7,
7898591245671,1,
6355,0,
8020991000010,12,
6174,1,
4625G,1,
cyc70000-0,2,
8152985000017,2,
19789241582462300,12,
19789241582014300,12,
19789241564282300,8,
19789241547912300,8,
19789241547937300,8,
044007'ECB,8,
044006'AC,4,
19789241582734300,8,
19789241582267300,4,
19789241564275300,7,
061192'EG,12,
06193'AC,12,
19789241587581300,6,
19789241586998300,10,
043779'ebn,12,
043778'an,12,
0421624'E,8,
19789241582341300,8,
19789241556473300,8,
19789241556493300,4,
04815'AC,16,
1978924158273030,16,
043484'a,12,
043485'eb,0,
041422'eb,4,
19789241564304300,12,
19789241582304300,12,
19789241547884300,8,
19789241547888300,16,
043385'EC,4,
043384'AC,4,
04856'ac,4,
3514 A / 1163 A,8,
041175'EC,0,
3515-E,8,
19789241582567300,12,
19789241582099300,4,
19789241548070300,8,
19789241548066300,8,
19789241582036300,12,
19789241582509300,12,
043308'ac,12,
19789241564276300,4,
19789241564289300,12,
19789241582069300,16,
19789241582535300,12,
19789241562674300,8,
19789241558210300,8,
19789241582158300,8,
19789241582643300,8,
041109'e,4,
04108'a,4,
06247'a std,14,
061248'e std,24,
041297'ec,4,
0622023'E,6,
19789241582171300,4,
19789241582645300,4,
19789241582640300,8,
04246'ac std,8,
19789241582166300,8,
19789241582636300,0,
19789241582168300,4,
043301'a,8,
0423301'ecb,4,
19789241587536300,6,
19789241547955300,28,
19789241547953300,12,
908048,12,
tap908068,20,
908098,13,
tap908537,14,
908055,6,
TAP908032,2,
908010,14,
043482'ab,15,
043483'eb,13,
20'246-5 a 001,1,
20'873-5 A 001,4,
10'873-4 a 001,5,
10'777-4 a 001,2,
10-082/4 STD,1,
*10'156/4 a 001*,3,
20'156-5 A 001,3,
10'410-4 A 001,1,
20-419/5 A,1,
20'734-5 A 001,2,
20'734-5'a'020,2,
10'734-4'A'020,1,
10'734-4 A 001,0,
10-775/4 STD,2,
20'775-5 A 001,2,
10'733-4 a 001,2,
10'733-4 a 030,2,
10'139-4 A 001,1,
10'139-4 A 010,1,
20'139-5 a 001,1,
10'136-4 A 001,0,
20'136-5 A 001,2,
10'137-4 a 010,2,
10'137-4 a 001,3,
10-244/4 020,2,
20'135-5 A 001,4,
10'247-4 a 001,2,
20'247-5 A 001,2,
20'244-5 A 001,1,
20'241-5 A 001,2,
10'241-4 a 001,2,
10'244-4 A 001,5,
10'237-4 a 001,64,
10'237-4 A 008,2,
10'237-4 A 010,1,
10'237-4 A 009,0,
20'240-5 A 001,2,
20'178-5 A 008,2,
10'625-4 F 001,2,
10'628-4 A 001,3,
10'628-4 a 039,1,
20'479-5 a 001,0,
20'479-5 a 010,1,
10'372-4 a 001,9,
10'067-4 A 009,1,
10'067-4 A 008,1,
20'371-5 A 009,1,
20'371-5 A 001,10,
BA159,2,
5010874492806,1,
5010874022553,1,
10'479-4 A 013,1,
10'774-4 a 001,0,
20'765-5 A 008,1,
30'412-2 A 001,2,
30'136-1 a 001,2,
30'247-1 A 001,2,
30'247-1 A 510,1,
30'416-2 A 001,3,
30'416-2 a 537,1,
30'412-2 A 5,1,
30-479/2 0.05,1,
30-240/1 STD,1,
30'241-1 A 001,2,
09FI0089,1,
09fi0049,2,
09FI0039,3,
09FI0029,0,
09FI0099,5,
09FI0109,8,
09FI0139,1,
09fi0169,1,
09FI0189,1,
09VW0069,1,
09VW0039,1,
09VW0229,5,
09vw0179,1,
8019504000012,0,
09PE0099,5,
09pe0019,2,
09pe0069,1,
09PE0089,5,
09pe0039,6,
09PE0049,1,
09PE0229,1,
09PE0259,2,
043861'EB,8,
19789241582047300,12,
09fo0069,1,
09FO0119,3,
09FO0019,3,
09FO0029,3,
09FO0159,2,
09FO0189,1,
09FO0169,2,
09RE0059,2,
09RE0089,1,
09RE0029,3,
09RE0129,1,
09RE0019,5,
09RE0049,3,
09re0149,2,
09RE0189,6,
8019036000016,0,
09CH0149,5,
09ch0019,4,
09ch0059,4,
09CH0099,1,
09RE0099,2,
4000100,2,
tap908740,11,
CODIGO302,0,
CODIGO303,6,
CODIGO203,1,
CODIGO501,0,
CODIGO304,10,
CODIGO301,3,
CODIGO207,2,
8012163000010,1,
TAPYHI82,1,
4000126,8,
TAPYHI94,8,
TAPYHI93,6,
4000153,3,
tap909021,4,
1019,10,
tap908782,0,
4000152,1,
4000138,2,
4000139,5,
910512,7,
1027,10,
TAP908513,2,
tap908512,5,
908761,1,
908765,8,
TAP908514,0,
tap908780,1,
4000101,8,
TAP0354AR,8,
tap909027,1,
tap0268,0,
908521,5,
tap908051,3,
tap908592,4,
909023,0,
09RE0119,1,
153SP254H,2,
121SX180,3,
98085X22'143,1,
98116X22'143,1,
097SP216H,1,
76131x1'143,1,
347,2,
128,3,
532,3,
124DF8220H,1,
120,1,
40836X17HSN,2,
99138X15'143,2,
40825X25HSN,1,
41129X7-8BRA'1,1,
41118x3-4'143,2,
40956X22HSN'143,1,
5587XS'143,1,
45136X25'143,1,
382,3,
tap909053,-1,
TAPYHI157,1,
TAP0202,1,
909025,7,
tap910512,0,
7898591243257,5,
7898591243219,1,
7898591243455,1,
8004521150017,3,
8004374150011,1,
8004373150012,2,
7898591243370,1,
8004122150010,1,
8004480150011,1,
8004510150011,3,
8004326150014,1,
7898591246449,2,
8004302150014,1,
8004385150017,1,
8004233150015,1,
8004317150016,1,
8004276150010,1,
80004199150012,1,
348,0,
DBH8505V,1,
7898591245701,1,
7898591245725,2,
8004253150019,0,
8004212150012,1,
8004298150012,2,
JR-299-15R,1,
8004213150011,1,
7898591245886,1,
8004296150014,2,
8004250150012,2,
8004389150013,1,
8004274150012,2,
8004356150015,1,
8004339150018,1,
8004388150014,2,
8004140150016,1,
8004340150014,0,
JR-230-15R,1,
8004294150016,1,
8004283150010,1,
7898591243875,1,
8004137150012,1,
8004492150016,1,
8004493150015,0,
JR-496,1,
8004353150018,1,
7898591240225,1,
7898591240485,1,
7898591240669,1,
7898591249556,1,
7898591242366,1,
7898591242359,1,
8001201770015,1,
8001201200017,1,
TC-628-20 1M,2,
TC-628-20 2M,1,
TC-628-20 3M,1,
8001450200011,1,
8012281200019,1,
8012174000016,1,
8013272000014,0,
8013271000015,0,
8013210000014,1,
8013213000011,1,
7898591246630,2,
8013215000019,0,
8013257000015,2,
8013249000016,0,
8013504000010,0,
8013367000011,2,
8013274000012,1,
8013265000014,0,
8013235000013,0,
8013379000016,4,
JR-538-15,1,
7898591247194,6,
8012333150019,2,
7898591247125,2,
7898591247279,0,
8012374150016,1,
8012335150017,1,
8012168150017,1,
8012222150014,2,
7898591248375,2,
JD-395-15,2,
8012212150017,1,
7898591248351,2,
7898591248399,2,
8012147150014,1,
7898591248320,1,
7898591248474,2,
7898591248337,1,
8012122150015,1,
78985912488689,2,
7898591248726,3,
7898591248702,3,
7898591248740,2,
8012129150018,2,
JD-137-15,1,
8012135150019,1,
7898591247613,2,
8012108150015,1,
8012109150004,2,
8012136150018,3,
8012104150019,1,
8012353150013,1,
8012145150016,2,
7898591247453,1,
8012492150011,1,
7898591247538,4,
30'479-2 A 001,3,
855-AC,8,
30'131-1 A 001,1,
09VW0029,2,
8012113000015,2,
7898591247835,2,
8012169150016,2,
8012339150013,1,
8012390150014,1,
8012388150019,1,
7898591248184,3,
8012385770012,2,
8012143150018,2,
8012120150017,2,
7898591248078,1,
8012296150019,1,
8012117150013,4,
8012116150014,1,
FADNHK187500,2,
7798159791896,1,
7790327048337,1,
7892415595881,1,
FADNHK097144,1,
burro00100,1,
KAROC00013,1,
NHK1950 STD,2,
7892415603470,1,
7892415599575,1,
7798159791315,1,
FADNHR120400,0,
NHK1786 STD,2,
7892415599568,0,
197892415608683000,2,
7790327049709,1,
32790  STD,0,
7892415601148,0,
197892415598724000,1,
7790327048580,0,
FADNHK187400,0,
fadnhk195035,1,
7790327057254,1,
A14430,1,
NA-0514,1,
VKMA 03241 A,1,
VKMA 02152 A,0,
7316572333501,3,
VKMA 03140 A,1,
VKMA 06124 A,1,
VKMA 01013 A,1,
VKMA 95014,2,
VKMA 04214,1,
VKMA 02630 A,2,
VKMA 02410 A,1,
ar00462141285,2,
30903K,1,
VKMA 06020 A,0,
VKMA 07405 A,0,
VKMA 05222 A,1,
VKMA 05214 A,1,
VKMA 02204 A,1,
VKMA 02206 A,1,
VKMA 05150 A,1,
VKMA 07405 AC,1,
VKMA 06003 A,1,
VKMA 06126 A,0,
VKMA 03201 A,0,
VKMA 99004,1,
VKMA 91022,1,
7898591246869,0,
8004232150016,1,
8004337150010,1,
7898591244360,2,
6332,0,
6329,2,
6323,1,
6178,2,
6196,0,
6078,0,
6615,0,
6325,0,
6630,1,
6030/A,0,
6053,0,
6037,0,
6627,0,
6626,0,
6186,0,
8012274000015,2,
7793960025819,1,
7793960025826,0,
7793960025833,1,
8012164000019,1,
8012257000018,3,
8012173000017,3,
3109059,3,
7793960233955,1,
8012148000011,4,
7793960008560,1,
7793960008423,0,
P03081009,0,
3081006,1,
7793960025840,1,
3093552,3,
3093553,2,
8012138000014,2,
8012717000015,3,
P03093563,2,
7793960032237,1,
7793960008386,1,
8012153000013,1,
P03034204,1,
8012166000017,1,
7898591247927,2,
8012146150015,1,
8012103150010,1,
FCA1189,1,
FADZS 157500,1,
FADZS 177600,1,
FCK1406,1,
197892415523177000,1,
CA'684'.000,1,
2V811600K0J0.50   4,1,
FADZSA195000,1,
P1459440,1,
FADZSA195035,1,
ZC0444S,1,
FC140700 STD,1,
SUB0209OEB,0,
FADFC 126100,1,
fadfca095300,1,
FADZSR120400,1,
FADZSR120435,1,
7790327057216,0,
FADFCA108100,1,
FADZS 177635,1,
fadzs 187400,1,
FADFCA096100,1,
FCC092100,1,
FADZSB164200,1,
fadzs 097300,1,
FADZS 157536,1,
fadzs 097313,1,
09ch0059,2,
sc77976,0,
sc7929005,1,
VKMA 05012 A,2,
SUBFIATTIPO1.4,2,
SUBFIATTIPO1.40.60,2,
SPA413STD,1,
SPA4130.50,3,
SC-14165 STD,1,
SUB0080B,5,
TAP908741,1,
7898591242304,3,
7898591242298,5,
TC-414-15,2,
7898591242786,1,
7898591242953,2,
8001378150016,2,
8001530150014,3,
TC-116-15,5,
7898591242397,2,
7898591241499,4,
8001795150002,2,
8001796150001,2,
7898591241543,1,
7898591241505,6,
8001525150012,2,
7793960285077,1,
7898591241512,2,
TC-125-15,3,
JR-372-15,2,
8004200200019,1,
7898591244247,0,
7898591246296,1,
19789241562670300,8,
19789241558180300,16,
8001409150015,2,
7898591242700,3,
8001428150010,3,
8001598150018,4,
8001358150012,2,
TC-783-15,2,
8001616150013,2,
7898591242687,2,
8012396150018,2,
TC-599-15,1,
VKMA 03244 A,1,
FADNHR120435,2,
7790327063750,0,
7892415599865,1,
7898591242250,2,
7898591241857,2,
8001453150016,2,
8001426150012,3,
7898591241864,4,
7898591241826,4,
7898591241673,2,
7898591241727,1,
TC-630-15,1,
10'628-4 a 008,1,
8012152000014,1,
8001359200013,2,
8001904200017,1,
8001905200016,1,
8001903200018,1,
8001653770014,1,
8001654770013,1,
8012119200013,2,
7898591247248,2,
TC-125-15,7,
7898591242809,3,
20'139-5 a 008,0,
47,1,
7894758080376,1,
148 SP254H,0,
378,1,
36,2,
58096x17'143,1,
BA 388,1,
6498,1,
6177,1,
7898591242618,3,
8001208150018,1,
8001725150010,1,
7898591242625,1,
7898591243011,2,
8001211150012,1,
7898591242878,3,
TC-209-15,1,
8001405150019,2,
7898591242564,3,
8001210150013,3,
8001534150010,2,
7898591242595,3,
7898591242557,1,
8001206150010,1,
7898591242038,5,
7898591241963,4,
TC-456-15,5,
TC-893-20 0M,1,
TC-893-20 0M,2,
TC-441-20 3M,1,
TC-441-20 2M,1,
TC-441-20 4M,2,
TC-122-15,4,
8001554200016,2,
8001554770014,1,
8001273200014,1,
CABCHEV0011,9,
36604/2,1,
36602/1,1,
7898591247057,2,
CODIGO201,4,
19789241547931300,8,
19789241547905300,8,
RES0901,2,
168x24HSN,1,
09RE0039,1,
6160,0,
6495,1,
19789241582656300,8,
19789241582180300,8,
908746,1,
7892415949080,1,
fadfca108900,1,
09VW0079,2,
09VW0019,4,
TC-527-20 4M,3,
7898591241796,2,
VKMA 05121 A,2,
TC-156-15,1,
TC-200-15,2,
8001418150013,2,
8005320430010,4,
10101-43G27,2,
CODIGO642,0,
1000502,41,
1000583,48,
8003132000056,5,
JB-140,2,
1000754,16,
VKMA 06213,0,
FADZS 187435,1,
NHK1261 STD,1,
FADYSK194800,0,
FADYSK194835,0,
FADNHK194835,1,
fadnhk194800,1,
cenpma761536,1,
CENPMA761500,0,
PM 2403,0,
OK770-10-270,2,
8ABY-10-271,2,
R201-99-100A,1,
RF01-99-100,2,
8ASX-10-271B,1,
20910-22A00,1,
20910-38C00,1,
20910-02B00,1,
1066,13,
20'417-5 A 001,2,
04111-28017,2,
10'243-4 A 001,0,
20'777-5 a 001,1,
1000656,290,
3078N,24,
1000452,31,
1000194,12,
BIE0026,21,
3050,5,
1000510,18,
1039N,7,
8012,3,
04111-54090,3,
04111-67020,1,
04111-54100,2,
5-87812-732-4,1,
5-87810-837-0,1,
8-94312-587-0,2,
5-87811-292-0,0,
10101-T9025,1,
10101-2S625,0,
10101-09W26,1,
10101-EN228,1,
10101-W1725,1,
06110-689-000,1,
JVS-231-KIT,2,
10-136/4,1,
arbchev1.4,-1,
JC-296-30,0,
1001465,0,
9278Pol,5,
10-156/4 010,2,
20'156-5 A 008,2,
10-244/4 010,0,
20'241-5 A 008,0,
11141-A78B01,0,
JVS-303-43,2,
AL-140,1,
7898591242403,4,
TC-788-15,2,
JD-514-15,1,
TC-448-MG,1,
1000702R,89,
CENEMA761500,1,
cencra724335,1,
7790327053249,1,
1000634,5,
1026R,0,
1136,15,
CIG0406,7,
1040N,29,
VKMA 03132,0,
JR-535-15,1,
JAE-396-09,3,
BA589,2,
BA545,2,
BA120,2,
BA191,1,
20'479-5 A 008,2,
1000464,30,
1000194R,9,
BA393,1,
7898591242656,4,
7898591245220,0,
7898591248153,1,
KIT-333,1,
09RE0069,8,
09PE0029,2,
20-371/5,2,
JD-141-ST,1,
BA387,2,
CODIGO641,0,
1093,20,
1050R,0,
18652R,0,
BA610,1,
BA640,1,
BA658,2,
908725,1,
20-136/5,2,
20-135/5,1,
10-777/4,1,
MOT0016,0,
1000558,21,
1000353,56,
JD-353-15,2,
SJ-273,1,
VKMA 05224 A,1,
BA540,2,
BA 543,2,
9648Vit,2,
9649Vit,2,
9623Vit,0,
9872Vit,1,
9870Vit,1,
MD996019,0,
SC-724-035-M,1,
BA 195,1,
10101-W2525,1,
EV59018,1,
061A0-PM6-000,1,
061A1-PT0-000,0,
06110-P0D-000,0,
06110-P2A-000,0,
06110-RAA-A01,1,
061A1-PM3-010,1,
06110-P08-010,1,
04111-87752,1,
04111-87703,1,
92061099,1,
S1140005,1,
501POL,3,
611VIT,6,
550POL,5,
594Pol,4,
al 755,3,
AL-759,2,
AL-370,2,
AL-380,2,
AL-757,2,
AL-640,0,
AL-153,4,
566Pol,10,
09PE0149,3,
82 3186 STD,1,
81 3186 STD,0,
AL-760,2,
AL-375,1,
AL-060,2,
AL-373,3,
AL-385,3,
AL-535,1,
AL-330,2,
AL-467,0,
PC43740-STD,1,
AL-590,2,
AL-141,1,
AL-132,0,
AL-148,2,
AL-149,1,
AL-194,0,
AL-154,1,
AL-191,1,
AL-166,1,
AL-146,2,
AL-117,1,
AL-151,1,
AL-162,1,
AL-165,1,
AL-189,1,
AL-199,1,
AL-156,0,
AL-129,1,
AL-131,1,
AL-178,0,
AL-126,1,
AL-122,1,
AL-127,1,
AL- 140,0,
YHI412,7,
AL-110,0,
AL-161,1,
AL-163,2,
AL-157,1,
AL-152,1,
AL-350,1,
AL-4093,2,
AL-024M,1,
AL-093M,0,
AL-36234/0,1,
134SP254H2,2,
AL-2610,0,
JR-374-15R,2,
2611 E,0,
AL-EF2706,0,
38014/0,2,
38006/0,1,
38023/0,1,
38036/0,1,
38013//0,3,
38031/0,1,
38005/0,2,
38015/0,3,
38004/0,0,
38007/0,0,
38020/0,1,
38022/0,2,
38017/0,2,
38008/0,1,
38047/0,1,
38019/0,2,
38000/0,1,
38011/0,1,
38009/0,1,
38001/0,1,
30153/0,2,
30148/0,2,
30142/0,1,
30028/0,1,
36806/0,4,
1000295,4,
553Pol,6,
505Pol,4,
70036/0,2,
510,1,
564Pol,5,
SJ-246,0,
10-243-4A 020,1,
10-247/4A 030,1,
10-243/4A 010,1,
20-247/5A 030,1,
20-247/5A 020,1,
10-243/4A 030,1,
20'244-5 A 010,1,
20-244/5A 020,1,
20-244/5A 030,1,
10-247/4a 010,2,
10-247/4 020,1,
JC-264-30,4,
AR00462151218,1,
VKMA 01106 A,1,
VKMA 90000 A,2,
VKMA 06134 A,1,
VKMA 05402 A,0,
VKMA 91711 A,2,
VKMA 04107 A,1,
VKMA 06002 A,3,
VKMA 04212,0,
VKMA 03256,1,
VKMA 05010A,1,
VKMA 03247 A,1,
VKMA 01113,1,
VKMA 02206/1 A,1,
fadzs 165135,1,
fadfcb096100,1,
34001/0,2,
SJ-273-R,1,
AL 140,1,
7790528100506,0,
7790528100544,1,
7790528100100,1,
7790528100148,1,
7790528100230,1,
7790528100209,1,
7790528100438,0,
7790528100407,0,
VKMA 02383,0,
7790528100704,0,
7790528100742,1,
7790528100308,1,
7790528100339,1,
JVS-267-43,4,
12588992,1,
TDS520/83c,2,
1428.92c,0,
FADZSB187435,1,
ZSB1874,1,
7791118100111,1,
7791118104911,1,
7791118104935,3,
7791118106007,2,
7791118105901,4,
SJ-242,1,
18543R,4,
123,1,
124,1,
JVS-311-43,9,
S09302FPM,3,
7891252052458,0,
7891252057729,0,
R943033500,1,
R942953540,1,
R949000600,0,
R943362400,3,
R949001100,2,
R953362410,0,
JVS-288-43,2,
AL 0155,2,
TC-334-MG,8,
20-240/5 0.10,2,
20-240/5 0.20,1,
20-734/5,1,
7899852707174,3,
JAE-138,3,
VKMA 03254 A,1,
BA477,1,
BIE0288,0,
1000518R,16,
1302000124,1,
CCS18,0,
20-773/5STD,1,
TC-886-MG,2,
34009/2,1,
HTL-123-38,0,
B5912300,1,
08015/1,2,
938M6500,1,
34033/0,0,
ba009,1,
ba665,1,
ba434,1,
ba442,0,
ba473,1,
ba204,1,
ba419,1,
ba1076,1,
ba193,2,
ba592,1,
BA076,2,
ba075,1,
BA1075,1,
ba479,1,
ba446,1,
ba504,1,
ba243,1,
BA252,1,
BA1179,1,
BA050,1,
BA698,0,
ba140,2,
ba1046,1,
BA083,1,
BA535,0,
133SR220,2,
BA042,1,
11A0915,1,
JD-335-15,2,
JC-214-30,5,
9250,2,
BA214,1,
BA544,3,
JC-299-30,5,
560Pol,1,
135 SHX254,1,
JR-511-15,1,
JR-515-15,1,
19789241582802300,0,
FADCTK178100,1,
CIG0128,4,
BA039,0,
34004/0,2,
1000422,50,
152SHDS300H,2,
1000465R,28,
6089I,0,
AL-116,1,
16700R,4,
27101/1,1,
CENPMA782000,0,
cenpma761200,0,
cenpma761236,1,
fadnhr119936,1,
FADNHK178736,1,
fadnhk178700,1,
fadnhr119900,2,
fadnhk178100,1,
fadnhk178136,1,
JC-221-30,1,
fadctr119936,1,
cenema761236,1,
CENPMA761300,0,
CENEMA761335,1,
1026,10,
B570900,2,
34013/1,1,
27026/0,1,
34007/0,1,
YHI99,2,
908726,5,
TC-160-15,2,
JVS-201-30,5,
34014/0 8.30,1,
043093-ec,4,
04 3092-AC,4,
19789241582326300,0,
114 SP+170H,3,
503Pol,2,
1069900,5,
JVS-279-43,1,
YHI415,10,
YHI416,18,
R98001.0VY,22,
30-135/1STD,1,
30-775/1,2,
10-775/4 010,3,
20-775/5 010,2,
BA041,2,
BA230,1,
FADZS 165100,1,
10A1065C,1,
FADZS 187500,1,
8006244230052,4,
4309031,9,
10-628/4 020,2,
10-628/4 030,2,
AL360,1,
135STP8M190H,3,
BA330W,1,
YHI100,1,
92 3089-STD,1,
SJ-271-R,2,
PF2180096,3,
PF2110003,0,
PF0630042,0,
36855/0,5,
34059/0,34,
B5910210,1,
1000658,60,
BA180,1,
JVS-216-43,4,
JVS-242-43,1,
64 7380-std,1,
1292A,0,
10-776/4 STD,2,
20-776/5 STD,1,
30-776/1 STD,2,
7892415820419,16,
7892415642912,16,
34009/1,0,
546Pol,0,
21358 E,12,
09FO0089,1,
03006V,1,
51721VJ,2,
8533R,0,
6PK1565,1,
6PK1588,1,
38029/0,2,
JC-292-30,3,
5PK1815,0,
CR4345CA,1,
6PK1875,2,
80232,1,
CR4503SX,0,
TAP601,0,
JB-187,0,
6PK1822,0,
VKMA 06000 A,0,
35014/0,2,
6PK1675,1,
6PK1765,1,
6PK1740,1,
6PK1165,1,
6PK938,1,
6PK0986,1,
6PK0894,1,
6PK1930,1,
4PK0938,1,
6PK1660,1,
5PK1905,1,
6PK1400,1,
6PK1760,1,
6PK1180,1,
6K1564,2,
6PK1388,1,
3PK0760,2,
3PK0668,1,
4K0675,1,
10A0655,1,
10A0840C,1,
13A1290C,5,
11A0790,1,
13A1000C,1,
19113R,9,
1000184R,62,
BA408,2,
JVS-142-30,2,
10A0900C,0,
ZS1787 STD,1,
BA340,1,
CJ-382-5-000-A,0,
SC-1976-000-A,0,
T1980050,1,
BA221,3,
10A0585,1,
11A1010,1,
TC-816-11,5,
JVS-320-25,5,
1000180R,5,
BA585,1,
JR-385-15R,2,
MTA-222,1,
CC006,1,
RT46501-26,0,
BA 520,2,
10-625/4 0.25,2,
20-628/5 .010,2,
20-628/5010,3,
227176 STD,0,
18732N,6,
09FO0199,1,
21292E,0,
1748A,2,
1748E,0,
202,1,
JR-326-15R,2,
683000A,0,
683036A,0,
699000A,1,
699036A,1,
585000A,1,
585035A,1,
631000 A,1,
631035A,1,
460395-3M,2,
230295-3M,1,
230195-3M,2,
560695-3M,1,
252395 MLS,2,
200895,2,
310895,2,
244095,1,
340295,1,
B260200,0,
B244000,1,
CJBA0322,0,
37024/0,1,
200090-1MM,4,
200090-0.80,2,
250190-0.80,5,
260390-0.80,3,
250406-SUPERMEDIDA,4,
BA034,1,
09ch0179,4,
31502,1,
30602,0,
05274P,1,
GM20821-06,4,
FT12321-06,2,
36263/0,1,
09FO0079,3,
BA087,1,
BA245,1,
JC-172-30,9,
PC43434 STD,1,
BA594,1,
MB5399SI STD,2,
31509,1,
BA441,1,
BA457,1,
BA745,1,
BA439,2,
30607K,0,
6PK1710,1,
6PK1365,1,
NHK104700STD,1,
ZSB20900.60,1,
03005V,1,
JD-553,2,
JR-553-15R,2,
VKMA05156,1,
09PE0249,0,
BA491,1,
BA755,2,
21358A,12,
92 7193-STD,1,
BA220,1,
1001145,0,
BA460,0,
1000927,6,
1075,9,
22-7380-STD,1,
465,3,
BA684,1,
JR-389-15R,1,
SJ-215R,0,
SJ-265-R,2,
SJ-272-R,1,
SJ-367-R,2,
T376,0,
1406.87c,1,
1405.82c,2,
1407.80c,1,
1409.80c,1,
1409AR.80c,4,
1408.87c,1,
1410.80c,1,
1850.82c,2,
1916.89c,2,
1845.82c,0,
1905.89c,1,
1918.89c,1,
1917.89c,1,
1860.88c,2,
1803.88c,0,
1931.88c,1,
1413.79c,2,
1807.88c,2,
1412.87c,1,
1742.87c,1,
1402.83c,1,
1930.90c,1,
1910.89c,1,
10-810/4 STD,2,
20-810/5 STD,2,
30-810 STD,2,
1417.87c,1,
1809.88c,1,
1870.82c,1,
1815.88c,1,
1401.83c,1,
1808.88c,1,
1427.82c,2,
1915.92c,1,
1920,1,
1414.80c,1,
1426.82c,1,
1425.92c,1,
1900.82c,1,
1418.87c,2,
1430.92c,1,
1431.92c,1,
1423.92c,1,
1424.82c,1,
1411.80c,1,
TAP0059,1,
JR-370-15R,2,
MTA-102,1,
MTA-100,1,
V440277A,12,
V440278E,12,
JR-344-15R,2,
40506/0,1,
27102/0,2,
3673280,2,
35007/0,-1,
JVS-316-15,2,
BA172,1,
PC43617-STD,1,
TDS507/74c,1,
TDS535.80c,0,
TDS507/72c,2,
92 3089-0.60,1,
645,2,
JC-313-26,6,
TDS507/82c,1,
TDS506/75c,0,
TDS505/74c,0,
TDS535/87c,0,
TDS566/87c,1,
TDS566/82c,1,
BA244,1,
SJ-235-R,2,
36600/2,1,
TDS520/75c,1,
TDS549/88c,1,
TDS564/82c,1,
TDS564/89,2,
TDS512/83c,0,
TDS546/92c,1,
TDS548P/88c,1,
TDS565/88c,0,
JR-343-15R,1,
TDS505/86c,1,
TDS545/89c,1,
TDS528/82c,1,
BA160,0,
JR-276-15R,1,
34014/0 8.10,1,
5K1747,1,
34045/0,1,
CODIGO502,5,
JC-317-26,3,
NHK1204 STD,1,
ZSB1787 0.60,1,
TC-527-20 3M IMP.,2,
ZS1876 0.60,1,
ZS1876 STD,1,
SP619 STD,1,
S25460 0.60,1,
ZSC2094 STD,1,
VKMA02386DX,1,
AL5927BB,0,
BV590420,0,
FS 89002 MLS,0,
FS 86004 TG,1,
TC-120-20,5,
JC0720150/4,2,
BA380,1,
TC-893-20 2M,2,
TC-893-20 1M,2,
tc-893-20 3M,2,
VKMA01148A,0,
6K1554,1,
92 4089-STD,2,
BA678,1,
JR-333-15R,3,
JR-339-15R,1,
JR-356-15R,2,
JR-390-15R,1,
JR-493-15R,2,
OC 203,1,
BA370,1,
V140275A,8,
V140276E,8,
09FO0329,6,
13020000103,1,
TAP0300,0,
CR4353XA,3,
TW179AM,1,
TC-876-20 2M,1,
TC-877-20 1M,1,
TC-877-20 3M,1,
10-138/4 F STD,2,
36717/0,1,
36720/0,1,
JVS-348-43,1,
92 3451-STD,0,
22 7359-STD,1,
09RE0169,2,
1000161,21,
JR-341-15R,2,
SJ-259-R,3,
BA386,2,
236,0,
5651,2,
MTA-200,1,
SJ-504-R,1,
04670P J,3,
10-876/4 STD,2,
5699,1,
10-139/4 020,2,
22 7346-STD,0,
92 5393 STD,0,
MTA-472,1,
MTA-260,1,
MTA-026,1,
SC-18425-035-A 0.50,1,
BA547,1,
1007,9,
TAP0400,1,
51724PJ,3,
5473,3,
5652,2,
3074R,13,
5338,1,
544Pol,1,
92 3344-STD,1,
3758,1,
52081V,3,
RT-9646Vit,1,
RT-9948Vit,0,
VKMA 06003 DX,1,
VKMA 03201 DX,1,
VKMA 06020 DX,0,
1010100350,1,
1010100354,1,
1010100353,1,
TC-393-07,2,
4093253,1,
V180381E,8,
V180382A,8,
V700258A,12,
V700259E,12,
V590280E,8,
V250306E,4,
V250305A,4,
V700322E,12,
V700321A,4,
V180267A,8,
V180268E,8,
TC-512-20 0M,1,
10-628/4 040,1,
908767,1,
01348/0,1,
01349/0,1,
XS4G 9K478 BD,2,
M2S6 G8A586 D1C,2,
BA192,1,
B7050000,0,
V700297A,12,
V700298E,12,
64 7346-STD,1,
JAE-344,3,
TC-703-15,1,
TC-888-20 4M,1,
TC-888-20 1M,1,
TC-888-20 3M,1,
TC-888-20 2M,1,
TC-696-MG 2M,1,
TC-696-MG 3M,1,
TC-696-MG 4M,1,
JR-342-15R,1,
JD-597-15,4,
JR-597-15,2,
JC-278-15,4,
JC-278-43,1,
JC-278-23,2,
22 7378-STD,1,
MTA-110,1,
V250309A,16,
V250310E,16,
21167A,8,
21167E,4,
V250265A,0,
V250266E,0,
ZSH1575 00 STD,1,
1000466R,29,
3064R,28,
211188 E,8,
1188 A,8,
V700295A,8,
V700296E,8,
KD-D513 / VKMA 01148A,1,
KD-D507 / VKMA 01269 A,1,
79405,1,
VKMA 02383 DX,1,
BA 653,1,
8797VIT,1,
TC-611-15,1,
154AHD30,2,
V590279A,4,
09VW0089,1,
82505,1,
82405,1,
1019R,10,
TC-282-20 1M,1,
TC-282-20 2M,1,
TC-282-20 3M,2,
18437,0,
JVS-208-43,3,
PG30821-04,6,
ZSB2090 00 STD,1,
ZSH1575 35 0.50,1,
BA460-1,1,
BA465,1,
508Pol,0,
20-734/5 .010,-1,
2099300,8,
176,0,
1000467R,5,
CIG00080,1,
1000369R,12,
34015/0,4,
20-419/5 A 010,1,
8218,0,
08060/0,1,
BA414,1,
CJ-382-5-000-P,5,
V180378 E,8,
JVS-255-30,5,
JVS-391-43,1,
8606Vit,4,
1000188,5,
FCB1406 00 STD,1,
8455,0,
18605,2,
1000415,7,
1000315,33,
1000909,25,
1001180,30,
3041,29,
1000675R,31,
1000468R,17,
1320100211,20,
1320200211,20,
170 SHP254,1,
VKMA 03259,3,
AL469,1,
SJ-257-R,1,
TC-611-11,1,
JR-511-15R,1,
JR-233-15R,1,
32028/0,1,
09PE0279,1,
1320200252,4,
1320100252,4,
1320200245 E,12,
1320100245 A,12,
9910Vit,1,
6PK1700,1,
05620V,1,
VKMA 04212 DX,1,
V440317A,8,
V440318E,8,
VKMA 03241 DX,1,
09PE0219,2,
09RE0159,1,
09PE0289,1,
SJ-397-R,1,
TC-242-20 1M,0,
TC-242-20 2M,1,
TC-242-20 3M,1,
TC-242-20 4M,1,
JVS-299-43,3,
JVS-286-43,1,
JVS-181-30,1,
JVS-262-43,1,
JVS-287-43,1,
1046R,10,
ZS209100STD,1,
V250264E,8,
V250263 A,8,
2199300,7,
22 7160-0.50,2,
22 7160-STD,3,
SC-604-000-M STD,1,
04111-54220,0,
SJ-249-R,1,
JVS-305-43,3,
TC-695-MG 4M,1,
TC-695-MG 2M,1,
TC-695-MG 3M,1,
FS 86013 MLS,1,
2305,1,
09TO0019,0,
VKMA 32000 A,1,
JR-319-15R,2,
92 5685-STD,0,
VKMC 02206 A,0,
V180377A,4,
V250262A,4,
36804/0,1,
ZSC1199 36 0.60,1,
V180372A,4,
V180371E,4,
JC063010/4 1.50,1,
JC063010/4 1.60,1,
JC063010/4 1.70,0,
TC-698-07,1,
TC-699-07,3,
JVS-257-43,4,
PF0590106,3,
1302E00129,2,
1302A00129,2,
1320200200,3,
1320100200,6,
4341-E,8,
4340-A,8,
SC-712-000-A STD,1,
SC-712-035-A 0.50,1,
1104514,0,
4320170,1,
1320160,1,
08061/0,1,
08041/0,1,
08063/0,1,
08066/0,1,
08059/0,1,
08040/0,1,
08058/0,1,
SC-368 STD PM,3,
30-246/1 STD,2,
92 7169-STD,1,
53005V J,3,
JR-382-15R,1,
JC-296-23,3,
JC-296-26,2,
6311 A,4,
26411 E,4,
09CH0089,1,
09CH0079,2,
36782/0,65,
1000250,5,
1000261,4,
1000500,14,
1000504,9,
1000798,8,
1000544,5,
1000221,4,
1000021,3,
1000150,7,
1000168,1,
1000200,1,
FCRT1027,3,
1000038,15,
1000400,14,
1000600,4,
1000900,29,
VKMA 06000 A DX,1,
JR-496-15R,2,
141SP+254H,1,
JAE-382-A,4,
JR-597-15R,1,
SJ-242-R,1,
TC-956-15,1,
JC-247-30,2,
V180269A,12,
V180270E,12,
22-7374 STD,1,
V570407A,4,
V570408E,4,
VKMA 03244 DX,1,
JD-384-ST,2,
7700418919,40,
23250-22040,12,
7700732262,27,
IWP065-2*,3,
AL5930AB,1,
82450,1,
82451,1,
82452,1,
52001VJ,3,
5806P,1,
5570P,1,
36735/0,2,
36737/0,2,
60309/0,7,
60310/0,7,
36764/0,1,
BA620,1,
20-773/5 010,1,
TC-402-20 2M,1,
TC-402-20 3M,1,
TC-402-20 1M,0,
JR-509-15R,1,
SJ-336-R,2,
SJ-596,1,
TC-441-20 5M,1,
TC-441-20 6M,1,
TC-441-20 7M,1,
21413 E,4,
AA591,1,
1000140,4,
1000280,6,
3040,20,
JR-516-15R,5,
VKPC 84217,2,
SJ-246-R,1,
JR-340-15R,1,
TC-441-MG 3M,1,
1000890,4,
1000861,8,
1000141,3,
1000201,0,
1000251,6,
1000252,4,
1000170,0,
1000570,6,
1000381,0,
09VW0249,2,
04617PJ,2,
38024/0,2,
188 A,1,
188 E,1,
JVS-258-43,2,
EMA 7717,1,
10-731/4 STD,0,
1000160,0,
64 7329 STD,0,
AL 4090,2,
1000520,4,
YHI223,0,
VKMA 04226 A,0,
JC-354-26,6,
1001146,0,
AL096,2,
1000453,4,
YHI320,1,
35020/0,1,
VKMA 04226 DX,1,
jd-511-15,2,
22 7190-STD,1,
IW155,8,
53030778,8,
09PE0239,3,
1010100368,0,
09PE0199,5,
09RE0239,2,
280150962,7,
280150702,4,
280150935,4,
866313,4,
280150774,6,
280150446,4,
RT 5023,8,
280155812,8,
873774,4,
280155769,4,
1000133,14,
34011/0,1,
34053/2,2,
9239,2,
52032V,2,
R 2305,1,
52048V,2,
FBJC101,4,
JR-373-15R,1,
280156020,8,
1000169,3,
1000171,2,
280158046,6,
280155929,4,
280155820,3,
280155822,4,
037906031AA,4,
IWP042,1,
1000908,0,
280155821,4,
280156295,4,
01F002A,3,
2000160,1,
200035020,1,
200035004,1,
2000170,1,
2000150,3,
30-775/1 A 0.05,2,
IWP095,2,
IWP065,2,
IWP001,0,
IWP160,12,
1000535,89,
34032/0,2,
1000086,2,
1000335,3,
V590354 A,4,
V590353 E,4,
VKMA 06126 DX,1,
B141000,4,
R 760,2,
130CU00001,2,
YRA8723 STD,1,
YRA8723 0.50,1,
R940010P,5,
143 SHP+ 230H,1,
153 SP 260H,1,
VKPC86810A,1,
VKPAC81400A,2,
20-246/5,1,
1000123,4,
NHR1782 0.50,1,
TC-282-MG 3M,2,
V700327 A,16,
V700328 E,16,
09VW0259,3,
VKMA 05260,1,
VKMA 05151 A,1,
TC-806-11,1,
JR-557-15,1,
7700867867,4,
1000980,4,
NHK1199 STD,1,
1000132,0,
1000401,4,
17814R,1,
2187 E,1,
2186 A,1,
10-779/4 STD,1,
10-779/4 010,1,
VKPC81210A,3,
90411829,2,
10-137/4ASTD,0,
CR4626XA,1,
908058,10,
1000850,0,
581Pol,1,
940010,1,
JD-595-ST,2,
1000592,8,
1002112,20,
3035,19,
1000462,20,
1000798,18,
1000195,45,
1000838,12,
1000285,12,
17780,4,
18732,45,
1067,19,
1013,4,
1035,0,
90467348,27,
16783,5,
1047,1,
17578,5,
19128,5,
1139,7,
4000181,5,
32015/0,1,
JR-253-15R,1,
MB5445SI STD,1,
V250301A,8,
V250302E,8,
BA305,2,
BA320,2,
TC-694-20 3M,2,
TC-694-20 1M,2,
TC-694-20 2M,2,
594Pol,1,
50441/0,1,
60328/0,1,
PF140029,3,
06277V,2,
06276V,2,
06278V,2,
SJ-384-R,1,
JD-362-15,1,
5PK1145,2,
VKMA06003,1,
VKMA06009,1,
JD-363-15,1,
TC-594-15,1,
TC-807-15,2,
JVS-314-43,2,
TC-886-15,2,
130205358R,9,
TC-615-20 4M,1,
130208342R,9,
51731VJ,4,
32121111,2,
1336.Y8 AL,4,
M2S6 G8A586 D1C.AL,1,
BA763,1,
1000851,7,
VKMA02152 DAYCO,1,
3PK0905,1,
B900900,3,
908545,5,
910107,1,
7793960911082,1,
7793960037690,1,
940007,2,
B940000,3,
B280400,4,
09FO0289,1,
KC 1002,1,
VKMA05121,1,
V250312E,4,
V250311A,no,
R302010V,2,
252801-R,1,
302007-1M,1,
302007-2M,1,
302007-3M,1,
TC-694-MG 1M,1,
TC-694-MG 2M,1,
TC-694-MG 3M,1,
JVS-259-43,2,